{"single-slit": [[[9.21021, 10.2306, 10.4513, 11.4522, 14.2114, 29.3778, 29.4493, 29.963, 30.5528, 30.7681, 35.2969, 54.6814, 72.0465, 74.1574, 78.8847, 79.1753, 79.3962, 79.4716, 80.0649, 80.5781, 95.8187, 96.4775, 96.5465, 97.1368, 97.6368, 98.0077, 98.8495, 99.1899, 99.8971, 100.836, 101.045], [0.00195312, 0.00292969, 0.00341797, 0.00390625, 0.000488281, 0.0258789, 0.0249023, 0.0253906, 0.0253906, 0.0244141, 0.000488281, 0.911133, 0.0146484, 0.0180664, 0.0439453, 0.0439453, 0.0439453, 0.043457, 0.0429687, 0.0415039, 0.00830078, 0.00976562, 0.00976562, 0.00976562, 0.0102539, 0.00976562, 0.00732422, 0.0078125, 0.00732422, 0.00488281, 0.00439453]], [[36.0619, 39.3109, 42.5545, 44.043, 44.3332, 118.444, 118.761, 120.026, 120.344, 123.185, 123.506, 144.44, 144.764, 223.618, 229.302, 310.888, 311.214, 336.253, 336.57, 407.483, 407.799, 412.874, 413.187, 416.641, 416.955, 419.163, 419.478, 422.038, 422.365, 424.87, 425.171], [0.0111328, 0.0128906, 0.0131836, 0.0132812, 0.0140625, 0.0462891, 0.046582, 0.0461914, 0.0461914, 0.0458984, 0.0458984, 0.0223633, 0.0227539, 0.995508, 1.00967, 0.000292969, 0.000195313, 0.0291992, 0.0292969, 9.76563e-05, 0.000195313, 0.00195312, 0.00126953, 0.00214844, 0.00224609, 0.00253906, 0.00273437, 0.00302734, 0.00292969, 0.00273437, 0.00214844]]], "double-slit": [[[15.6059, 15.6782, 21.65, 21.7213, 26.6413, 26.7115, 32.5915, 32.6676, 37.2027, 37.2666, 42.9694, 43.1825], [0.0078125, 0.0078125, 0.0166016, 0.0166016, 0.0292969, 0.0283203, 0.0229492, 0.0229492, 0.0151367, 0.015625, 0.00244141, 0.00439453]], [[50.5317, 50.8207, 74.2885, 74.6049, 97.4237, 97.7468, 120.445, 120.748, 145.78, 146.102], [0.0150391, 0.0152344, 0.0220703, 0.0217773, 0.0254883, 0.0250977, 0.0174805, 0.0167969, 0.00732422, 0.00703125]], [[26.4209, 26.4946, 31.8573, 31.9301, 36.2868, 36.3612], [0.0830078, 0.081543, 0.0756836, 0.0761719, 0.0585937, 0.0605469]], [[22.9152, 22.9909, 29.1468, 29.2236, 34.2027, 34.2748, 40.1201, 40.1959, 44.9903, 45.0616, 51.0601, 51.1309, 56.1017, 56.1729], [0.00634766, 0.00683594, 0.0209961, 0.0195312, 0.0361328, 0.034668, 0.0488281, 0.0488281, 0.0390625, 0.0390625, 0.0244141, 0.0249023, 0.00830078, 0.00830078]], [[14.9148, 15.2358, 45.0796, 45.4091, 67.9493, 68.2789, 92.0138, 92.3233, 114.876, 115.191, 135.769, 136.086, 165.574, 165.892], [0.00986328, 0.00996094, 0.0244141, 0.0246094, 0.0385742, 0.0383789, 0.0491211, 0.0489258, 0.0336914, 0.0326172, 0.0166016, 0.0173828, 0.00498047, 0.00488281]], [[3.97544, 4.01812, 4.14117, 4.18393, 4.30802, 4.56479, 30.5533, 30.5965, 51.8182, 51.8588, 78.0689, 78.1099, 100.851, 121.882, 150.798, 150.996, 151.036, 162.291, 170.049, 170.09, 170.213, 197.232, 197.394, 197.435, 213.417, 213.537, 224.628, 224.671, 224.787, 224.83, 224.997, 225.037, 230.424, 231.201, 231.844, 231.884], [0.0839844, 0.0830078, 0.0820312, 0.0839844, 0.0820312, 0.0839844, 0.113281, 0.117187, 0.164062, 0.165039, 1.42773, 1.4209, 3.00195, 1.27637, 0.117187, 0.116211, 0.111328, 0.0117187, 0.0488281, 0.0517578, 0.0507812, 0.046875, 0.0449219, 0.046875, 0.000976562, 0.000976562, 0.0107422, 0.0107422, 0.00976562, 0.00976562, 0.0078125, 0.0117187, 0.00390625, 0.00390625, 0.00195312, 0.00195312]], [[2.38482, 4.11938, 4.16126, 4.61679, 4.6591, 28.8126, 28.936, 28.9759, 40.2348, 40.2702, 77.7453, 88.7766, 99.5519, 130.472, 130.512, 130.677, 138.132, 138.173, 148.33, 148.371, 170.647, 170.689, 170.891, 170.928, 171.463, 171.792, 171.831, 171.997, 172.573, 172.613, 172.93, 172.968, 173.13, 173.948, 174.116, 174.321, 174.363, 174.727, 174.848, 176.059, 176.922, 177.043, 185.111, 185.235, 185.53, 185.569, 192.648, 192.689, 193.303, 194.264, 194.308, 194.757], [0.0292969, 0.0341797, 0.0400391, 0.0351562, 0.0380859, 0.131836, 0.132812, 0.130859, 0.115234, 0.115234, 1.80957, 2.37305, 1.82617, 0.03125, 0.0302734, 0.03125, 0.0830078, 0.0791016, 0.119141, 0.119141, 0.00878906, 0.00976562, 0.0107422, 0.0117187, 0.0136719, 0.0117187, 0.0117187, 0.0126953, 0.0107422, 0.0107422, 0.0126953, 0.0107422, 0.0107422, 0.0107422, 0.0107422, 0.0107422, 0.0107422, 0.0126953, 0.0117187, 0.0107422, 0.0078125, 0.0078125, 0.0244141, 0.0253906, 0.0224609, 0.0273437, 0.00878906, 0.00976562, 0.00683594, 0.0078125, 0.0078125, 0.00878906]], [[3.055, 3.09368, 3.69891, 3.73904, 4.40192, 4.44289, 4.64293, 4.92513, 4.96313, 5.28539, 5.32585, 5.61142, 5.85035, 5.97417, 6.17458, 9.10421, 9.14278, 9.54711, 9.5874, 9.74586, 10.1964, 10.2374, 10.4849, 10.5281, 10.6939, 10.7346, 12.1181, 12.1574, 13.052, 13.092, 13.2949, 13.8265, 13.8675, 14.482, 15.1335, 21.308, 21.4707, 21.5134, 23.6332, 29.1278, 29.1698, 33.6034, 33.7255, 33.7685, 33.9319, 34.0519, 34.0919, 36.5044, 36.5436, 36.8695, 36.9105, 37.0288, 61.9383, 61.9791, 69.7301, 69.7725, 77.6875, 85.4343, 85.4723, 93.2981, 93.338, 100.995, 101.035, 108.326, 108.365, 130.072, 130.4, 130.44, 130.6, 131.04, 131.362, 134.389, 134.427, 134.72, 134.761, 134.965, 135.005, 135.205, 135.484, 137.755, 138.032, 138.072, 138.319, 143.449, 143.57, 143.73, 148.583, 148.865, 151.358, 151.399, 151.523, 151.564, 151.682, 163.271, 165.02, 165.383, 165.426, 165.669, 165.71, 165.868, 165.91, 166.153, 166.195, 166.321, 166.44, 166.477, 167.408, 167.688, 168.043, 168.085, 169.82, 169.861, 170.026, 170.388, 170.428, 170.548, 170.588, 170.826, 170.867, 171.304, 171.542, 171.583, 171.708, 171.874, 172.248, 172.289, 172.699], [0.00292969, 0.00195312, 0.00195312, 0.00292969, 0.00488281, 0.00488281, 0.00390625, 0.00488281, 0.00585937, 0.00585937, 0.00390625, 0.00292969, 0.00488281, 0.00488281, 0.00390625, 0.00195312, 0.000976562, 0.00292969, 0.00195312, 0.00195312, 0.00195312, 0.00195312, 0.00292969, 0.000976562, 0.00292969, 0.00292969, 0.00390625, 0.00390625, 0.00488281, 0.00195312, 0.00292969, 0.00195312, 0.00292969, 0.00195312, 0.00292969, 0.0136719, 0.0126953, 0.0107422, 0.00195312, 0.0234375, 0.0292969, 0.00585937, 0.00488281, 0.00488281, 0.00292969, 0.00488281, 0.00488281, 0.0205078, 0.0195312, 0.015625, 0.0205078, 0.0185547, 0.166016, 0.161133, 0.418945, 0.410156, 0.638672, 0.744141, 0.740234, 0.640625, 0.644531, 0.428711, 0.43457, 0.174805, 0.175781, 0.00683594, 0.00585937, 0.00488281, 0.00585937, 0.00585937, 0.00683594, 0.0117187, 0.00976562, 0.0117187, 0.00878906, 0.0107422, 0.0107422, 0.00878906, 0.00976562, 0.00488281, 0.00488281, 0.00488281, 0.00488281, 0.0234375, 0.0166016, 0.0195312, 0.00585937, 0.00488281, 0.0117187, 0.0126953, 0.00976562, 0.0136719, 0.015625, 0.00390625, 0.00390625, 0.00195312, 0.00390625, 0.00292969, 0.00390625, 0.00292969, 0.00292969, 0.00292969, 0.00195312, 0.00292969, 0.00488281, 0.00488281, 0.00195312, 0.00390625, 0.00292969, 0.00292969, 0.00195312, 0.00195312, 0.00195312, 0.00195312, 0.000976562, 0.000976562, 0.00292969, 0.00195312, 0.00195312, 0.00195312, 0.00292969, 0.00195312, 0.00195312, 0.00195312, 0.00195312, 0.00195312, 0.00292969]], [[3.42415, 3.58884, 3.62981, 4.83373, 6.18965, 6.23211, 9.79839, 10.0807, 10.2449, 10.4905, 10.5323, 10.7799, 10.822, 12.9489, 12.9913, 13.4747, 13.5177, 16.3813, 16.4241, 16.9149, 17.0371, 17.1595, 19.3166, 19.3582, 19.6017, 19.6407, 20.2043, 58.4924, 58.5344, 64.2121, 64.255, 70.1871, 70.2271, 107.642, 107.681, 107.881, 108.16, 108.641, 108.681, 108.842, 109.162, 109.204, 109.363, 109.482, 109.522, 109.64, 109.762, 109.803, 110.891, 110.931, 111.258, 111.297, 111.574, 111.741, 111.781, 112.073, 112.197, 112.682, 112.841, 112.881, 113.124, 113.163, 113.409, 113.45, 113.931, 113.97, 114.175, 114.214, 114.413, 114.455, 114.89, 114.93, 115.053, 115.211, 116.655, 116.696, 117.139, 117.778, 117.822, 118.438, 118.477, 118.719, 118.843, 119.086, 119.126, 119.285, 119.329, 119.859, 120.755, 120.792, 120.99, 121.03, 121.143, 121.662, 122.109, 122.148, 122.552, 122.916, 123.249, 123.291, 123.453, 123.492, 123.813, 124.34, 124.467, 124.629, 124.672, 124.918, 124.957, 125.732, 125.772, 126.052, 126.252, 126.372, 126.531, 126.573, 126.734, 126.773, 126.933, 126.973, 127.338, 127.381, 127.582, 127.62, 127.905, 128.184, 128.223, 128.426, 128.467, 128.633, 128.671, 128.834, 